Delta_center,Delta_min_line,E0,E1,U,U_offset,branch,critical_U,maximum_residual,path_id,phi_fraction,phi_over_pi,wall_time_s
0.0,0.646699782072,-6.805869910823452,-6.159170128751452,6.372348498,-1.0,simultaneous,7.372348498,1.1678136730718098e-11,center,0.25,0.5,0.4326746230944991
0.0,0.46957967349064855,-6.2909151702071116,-5.821335496716463,6.622348498,-0.75,simultaneous,7.372348498,1.1923404647179978e-11,center,0.25,0.5,0.08004333823919296
0.0,0.3006824809889741,-5.806238322850666,-5.505555841861692,6.872348498,-0.5,simultaneous,7.372348498,9.891940919725038e-12,center,0.25,0.5,0.07979297172278166
0.0,0.22021111301806062,-5.576002466585994,-5.355791353567933,6.997348498,-0.375,simultaneous,7.372348498,1.790929847899619e-11,center,0.25,0.5,0.08007052913308144
0.0,0.1429582118680015,-5.35429635130785,-5.211338139439849,7.122348498,-0.25,simultaneous,7.372348498,4.5830956010456675e-11,center,0.25,0.5,0.08023613225668669
0.0,0.0693928845893943,-5.141493634914024,-5.07210075032463,7.247348498,-0.125,simultaneous,7.372348498,7.988444296609534e-11,center,0.25,0.5,0.08002232294529676
0.0,0.034144612721741296,-5.038549526305603,-5.004404913583862,7.309848498,-0.0625,simultaneous,7.372348498,4.2493245766435457e-10,center,0.25,0.5,0.07960296608507633
0.0,7.79708209108776e-09,-4.937971980252433,-4.937971972455351,7.372348498,0.0,simultaneous,7.372348498,1.5728785161734366e-11,center,0.25,0.5,0.10461705084890127
0.0,0.032982060617558595,-4.872786883065473,-4.839804822447914,7.434848498,0.0625,simultaneous,7.372348498,6.366315160453715e-14,center,0.25,0.5,0.10216013994067907
0.0,0.06474537094203203,-4.808834021875373,-4.744088650933341,7.497348498,0.125,simultaneous,7.372348498,2.775283845339259e-10,center,0.25,0.5,0.07960688974708319
0.0,0.1244111772811829,-4.684559849027597,-4.560148671746414,7.622348498,0.25,simultaneous,7.372348498,6.478993118687789e-14,center,0.25,0.5,0.10666516236960888
0.0,0.17864585360700946,-4.565014515645483,-4.386368662038474,7.747348498,0.375,simultaneous,7.372348498,3.098290490395731e-14,center,0.25,0.5,0.0998782915994525
0.0,0.2272145450432843,-4.450056605727238,-4.222842060683954,7.872348498,0.5,simultaneous,7.372348498,4.2201856779231905e-14,center,0.25,0.5,0.09835581108927727
0.0,0.30714773687271757,-4.233313419241584,-3.926165682368867,8.122348498000001,0.75,simultaneous,7.372348498,3.40958418162504e-12,center,0.25,0.5,0.09841125272214413
0.0,0.3227156800933413,-4.033121820446652,-3.710406140353311,8.372348498000001,1.0,simultaneous,7.372348498,5.8662401178303425e-12,center,0.25,0.5,0.09848579112440348
1.5,0.600865687008378,-7.320039600312089,-6.719173913303711,3.352096694,-1.0,low,4.352096694,2.5242289404629856e-14,shift-1p5,0.75,1.5,0.4820569707080722
1.5,0.43980007524544273,-6.815256763663565,-6.375456688418122,3.602096694,-0.75,low,4.352096694,2.3190174786881603e-14,shift-1p5,0.75,1.5,0.10000450909137726
1.5,0.28446186886474845,-6.336871096795076,-6.052409227930328,3.852096694,-0.5,low,4.352096694,6.244718210490133e-14,shift-1p5,0.75,1.5,0.10015538427978754
1.5,0.20957182201597746,-6.10806589635647,-5.898494074340492,3.977096694,-0.375,low,4.352096694,2.334298367018793e-14,shift-1p5,0.75,1.5,0.09955498017370701
1.5,0.13695177903396072,-5.886507604264035,-5.7495558252300745,4.102096694,-0.25,low,4.352096694,3.9423732887953284e-14,shift-1p5,0.75,1.5,0.0996593302115798
1.5,0.06696377142027377,-5.672475370054392,-5.605511598634118,4.227096694,-0.125,low,4.352096694,1.8882540562042507e-14,shift-1p5,0.75,1.5,0.09663990698754787
1.5,0.0330790988798455,-5.568375660237875,-5.535296561358029,4.289596694,-0.0625,low,4.352096694,7.225690412063323e-14,shift-1p5,0.75,1.5,0.10640277899801731
1.5,2.3943781597424163e-06,-5.46627263115702,-5.46627023677886,4.352096694,0.0,low,4.352096694,1.1981132792424004e-10,shift-1p5,0.75,1.5,0.10599011369049549
1.5,0.03221385957303724,-5.398420053238096,-5.366206193665059,4.414596694,0.0625,low,4.352096694,2.947208999710374e-14,shift-1p5,0.75,1.5,0.11565678752958775
1.5,0.06351697119669364,-5.331733013854642,-5.268216042657948,4.477096694,0.125,low,4.352096694,5.4041377543441236e-14,shift-1p5,0.75,1.5,0.10692141763865948
1.5,0.12317644457203425,-5.201794406561703,-5.078617961989669,4.602096694,0.25,low,4.352096694,2.374215370881477e-14,shift-1p5,0.75,1.5,0.1057764682918787
1.5,0.17858045348661022,-5.076342913024416,-4.897762459537806,4.727096694,0.375,low,4.352096694,6.617858779417204e-14,shift-1p5,0.75,1.5,0.10534173902124166
1.5,0.22938543036384562,-4.955261904448207,-4.7258764740843615,4.852096694,0.5,low,4.352096694,2.5107363108298207e-12,shift-1p5,0.75,1.5,0.10678074043244123
1.5,0.31626542498215393,-4.725724402229135,-4.409458977246981,5.102096694,0.75,low,4.352096694,5.693757499826794e-14,shift-1p5,0.75,1.5,0.14108893647789955
1.5,0.3188668636354963,-4.512179215995235,-4.193312352359738,5.352096694,1.0,low,4.352096694,2.153975868761061e-10,shift-1p5,0.75,1.5,0.11090752482414246
1.5,0.6641127725123264,-6.625315386819048,-5.961202614306722,9.354477369,-1.0,high,10.354477369,5.409493724962179e-14,shift-1p5,0.25,0.5,0.0752278845757246
1.5,0.48064550558117336,-6.101870613122248,-5.621225107541075,9.604477369,-0.75,high,10.354477369,7.391669674859279e-14,shift-1p5,0.25,0.5,0.07922371476888657
1.5,0.30643941812992015,-5.61047410061393,-5.3040346824840094,9.854477369,-0.5,high,10.354477369,6.697757814974749e-14,shift-1p5,0.25,0.5,0.08418389409780502
1.5,0.22383865607794995,-5.377684817215508,-5.153846161137558,9.979477369,-0.375,high,10.354477369,6.767826949076294e-14,shift-1p5,0.25,0.5,0.08277358300983906
1.5,0.14488282288713794,-5.15403854337754,-5.009155720490402,10.104477369,-0.25,high,10.354477369,9.469988003572669e-14,shift-1p5,0.25,0.5,0.0825630221515894
1.5,0.07009389231859853,-4.93995866040032,-4.8698647680817215,10.229477369,-0.125,high,10.354477369,2.1809993372043953e-13,shift-1p5,0.25,0.5,0.08641856629401445
1.5,0.03442726156334608,-4.836636791319153,-4.802209529755807,10.291977369,-0.0625,high,10.354477369,1.6400919800511372e-13,shift-1p5,0.25,0.5,0.09024082310497761
1.5,1.4908294083681994e-06,-4.735861098295678,-4.73585960746627,10.354477369,0.0,high,10.354477369,1.0193835949717967e-10,shift-1p5,0.25,0.5,0.08512091170996428
1.5,0.03313128144989985,-4.6708035538312185,-4.637672272381319,10.416977369,0.0625,high,10.354477369,6.59577312388957e-13,shift-1p5,0.25,0.5,0.0995086021721363
1.5,0.06490533731062964,-4.607020310973135,-4.542114973662505,10.479477369,0.125,high,10.354477369,1.653617781516278e-12,shift-1p5,0.25,0.5,0.09975442662835121
1.5,0.12418893395887043,-4.483207368572578,-4.3590184346137075,10.604477369,0.25,high,10.354477369,1.9484970437214924e-11,shift-1p5,0.25,0.5,0.09924164321273565
1.5,0.17753546372441598,-4.364278240849957,-4.186742777125541,10.729477369,0.375,high,10.354477369,1.256777846447126e-10,shift-1p5,0.25,0.5,0.09785380214452744
1.5,0.22477662142279264,-4.250081586278898,-4.0253049648561054,10.854477369,0.5,high,10.354477369,6.567082609793007e-14,shift-1p5,0.25,0.5,0.1198772182688117
1.5,0.3011238063897945,-4.03525374398427,-3.734129937594475,11.104477369,0.75,high,10.354477369,2.1054204949596332e-13,shift-1p5,0.25,0.5,0.09776877425611019
1.5,0.3191601714099579,-3.83742876110727,-3.5182685896973123,11.354477369,1.0,high,10.354477369,2.047228483852734e-13,shift-1p5,0.25,0.5,0.0909331813454628
2.85,0.33730103914418486,-10.260303346712513,-9.923002307568328,-0.117116165,-1.0,low,0.882883835,4.676329301626194e-14,near-tangent,0.75,1.5,0.07538186479359865
2.85,0.256854016974259,-9.709229149554755,-9.452375132580496,0.132883835,-0.75,low,0.882883835,5.898576833284995e-14,near-tangent,0.75,1.5,0.07493499759584665
2.85,0.17346166809660168,-9.176820350913365,-9.003358682816764,0.382883835,-0.5,low,0.882883835,2.49135400644386e-14,near-tangent,0.75,1.5,0.07615869678556919
2.85,0.13079106128380857,-8.917637217117356,-8.786846155833548,0.507883835,-0.375,low,0.882883835,4.794337608086284e-14,near-tangent,0.75,1.5,0.0773168783634901
2.85,0.0875777444014787,-8.663176986962137,-8.575599242560658,0.632883835,-0.25,low,0.882883835,5.728154670728906e-14,near-tangent,0.75,1.5,0.0778739508241415
2.85,0.043933236349136706,-8.413498173287726,-8.36956493693859,0.757883835,-0.125,low,0.882883835,4.0111023551951105e-14,near-tangent,0.75,1.5,0.07821171171963215
2.85,0.02199251725793161,-8.290477543466258,-8.268485026208326,0.820383835,-0.0625,low,0.882883835,4.116921095596501e-14,near-tangent,0.75,1.5,0.07765052001923323
2.85,2.4441168733346785e-07,-8.16868712366599,-8.168686879254302,0.882883835,0.0,low,0.882883835,2.7966133640795972e-14,near-tangent,0.75,1.5,0.07751755602657795
2.85,0.02201999997122428,-8.070162954713878,-8.048142954742653,0.945383835,0.0625,low,0.882883835,2.4182037121175617e-14,near-tangent,0.75,1.5,0.07759662810713053
2.85,0.04404204334171258,-7.972905524153418,-7.928863480811706,1.007883835,0.125,low,0.882883835,4.975184998624218e-14,near-tangent,0.75,1.5,0.0778670059517026
2.85,0.06237111947194407,-7.782158334529773,-7.719787215057829,1.132883835,0.25,low,0.882883835,5.029750945319623e-14,near-tangent,0.75,1.5,0.07743356190621853
2.85,0.07488400760438463,-7.596379986842104,-7.521495979237719,1.257883835,0.375,low,0.882883835,2.635378541517882e-14,near-tangent,0.75,1.5,0.07758908905088902
2.85,0.08803259276958642,-7.41550257553105,-7.327469982761464,1.382883835,0.5,low,0.882883835,2.771111194542833e-14,near-tangent,0.75,1.5,0.07742803078144789
2.85,0.1156736160071219,-7.068167175633217,-6.952493559626095,1.632883835,0.75,low,0.882883835,3.308083359143312e-14,near-tangent,0.75,1.5,0.07720684725791216
2.85,0.14416641688040688,-6.7395641575336835,-6.595397740653277,1.882883835,1.0,low,0.882883835,3.1341276728561115e-14,near-tangent,0.75,1.5,0.07788433600217104
2.85,0.6727370307403939,-6.543639511773927,-5.870902481033533,12.039003998,-1.0,high,13.039003998,9.404106699621474e-14,near-tangent,0.25,0.5,0.10110124200582504
2.85,0.4861129481772348,-6.014843509506699,-5.528730561329464,12.289003998,-0.75,high,13.039003998,1.4576819213094542e-13,near-tangent,0.25,0.5,0.1001222962513566
2.85,0.3092582820213634,-5.518987330363918,-5.209729048342554,12.539003998,-0.5,high,13.039003998,2.0315606239604394e-12,near-tangent,0.25,0.5,0.10183139238506556
2.85,0.2255978694575269,-5.284382707826318,-5.0587848383687914,12.664003998,-0.375,high,13.039003998,1.729555774919629e-12,near-tangent,0.25,0.5,0.10760809574276209
2.85,0.14580082786370507,-5.059240345356014,-4.913439517492309,12.789003998,-0.25,high,13.039003998,7.504570137240363e-12,near-tangent,0.25,0.5,0.11045410856604576
2.85,0.07041820398479359,-4.844011972833837,-4.773593768849043,12.914003998,-0.125,high,13.039003998,7.705464537310651e-12,near-tangent,0.25,0.5,0.11089039966464043
2.85,0.03455502616909101,-4.740253180716386,-4.705698154547295,12.976503998,-0.0625,high,13.039003998,1.1630104933536272e-11,near-tangent,0.25,0.5,0.11106190830469131
2.85,5.86734095087138e-07,-4.639133638161139,-4.639133051427044,13.039003998,0.0,high,13.039003998,2.6801797654471317e-12,near-tangent,0.25,0.5,0.13795980624854565
2.85,0.033186414867545366,-4.573883939503861,-4.5406975246363155,13.101503998,0.0625,high,13.039003998,3.1870803555753567e-10,near-tangent,0.25,0.5,0.10235900804400444
2.85,0.06494548673717393,-4.509932063799004,-4.44498657706183,13.164003998,0.125,high,13.039003998,1.7081612506527253e-10,near-tangent,0.25,0.5,0.10169882234185934
2.85,0.12399052222349916,-4.385850562887263,-4.2618600406637634,13.289003998,0.25,high,13.039003998,7.330016796857705e-14,near-tangent,0.25,0.5,0.12526207324117422
2.85,0.17683893462133238,-4.266741015041195,-4.089902080419862,13.414003998,0.375,high,13.039003998,1.0450656063009272e-13,near-tangent,0.25,0.5,0.12517462205141783
2.85,0.2233594736635367,-4.152447485840037,-3.9290880121765004,13.539003998,0.5,high,13.039003998,1.0992349840523627e-13,near-tangent,0.25,0.5,0.12582567986100912
2.85,0.29780650263444786,-3.9376564692636236,-3.6398499666291757,13.789003998,0.75,high,13.039003998,7.551224416877258e-12,near-tangent,0.25,0.5,0.12466686684638262
2.85,0.31632068488140686,-3.7401406634465455,-3.4238199785651386,14.039003998,1.0,high,13.039003998,6.398089398526443e-11,near-tangent,0.25,0.5,0.12461176794022322
3.6,0.5017588767279308,-8.412424465209396,-7.910665588481465,1.3436823900000001,-1.0,low,2.34368239,3.2748501319732675e-14,outside,0.75,1.5,0.07725282479077578
3.6,0.37263249624677286,-7.900666228798999,-7.528033732552226,1.5936823900000001,-0.75,low,2.34368239,3.3691343620500536e-14,outside,0.75,1.5,0.08323089219629765
3.6,0.24508256675622597,-7.410550410393075,-7.165467843636849,1.8436823900000001,-0.5,low,2.34368239,2.5160310461646837e-14,outside,0.75,1.5,0.07739410921931267
3.6,0.182254019816793,-7.173834352358446,-6.991580332541653,1.9686823900000001,-0.375,low,2.34368239,3.2774482406281494e-14,outside,0.75,1.5,0.07765885163098574
3.6,0.12030518525676737,-6.942849137593593,-6.822543952336826,2.09368239,-0.25,low,2.34368239,2.7496349158209523e-14,outside,0.75,1.5,0.07795253302901983
3.6,0.05946542196191018,-6.71775877423471,-6.6582933522728,2.21868239,-0.125,low,2.34368239,3.9663141314250265e-14,outside,0.75,1.5,0.07770323101431131
3.6,0.029543181520812034,-6.607484241298922,-6.57794105977811,2.28118239,-0.0625,low,2.34368239,3.13964696837191e-14,outside,0.75,1.5,0.07877664361149073
3.6,9.758457872877102e-07,-6.4987596544216135,-6.498758678575826,2.34368239,0.0,low,2.34368239,3.5477446646788555e-14,outside,0.75,1.5,0.07830240949988365
3.6,0.0291221247443767,-6.42073681325471,-6.391614688510333,2.40618239,0.0625,low,2.34368239,2.3437584620410102e-14,outside,0.75,1.5,0.0781854186207056
3.6,0.057784884068863285,-6.343865817704439,-6.286080933635576,2.46868239,0.125,low,2.34368239,3.738815781424316e-14,outside,0.75,1.5,0.07794650457799435
3.6,0.11355478102951189,-6.1935366458103065,-6.079981864780795,2.59368239,0.25,low,2.34368239,2.4083346310744453e-14,outside,0.75,1.5,0.0779803991317749
3.6,0.1669445008929129,-6.047689285323342,-5.880744784430429,2.71868239,0.375,low,2.34368239,3.245482409154194e-14,outside,0.75,1.5,0.07766003534197807
3.6,0.21757579286757167,-5.906238370128152,-5.6886625772605806,2.84368239,0.5,low,2.34368239,2.766342518680707e-14,outside,0.75,1.5,0.07865703478455544
3.6,0.25218752809710043,-5.636168631885742,-5.383981103788641,3.09368239,0.75,low,2.34368239,3.0553420113778534e-14,outside,0.75,1.5,0.0778762511909008
3.6,0.27026055518470127,-5.382585485525176,-5.112324930340475,3.34368239,1.0,low,2.34368239,2.971195064950869e-14,outside,0.75,1.5,0.07738409750163555
3.6,0.6761297116040677,-6.51333935328485,-5.837209641680782,13.531681175,-1.0,high,14.531681175,1.7143482688544892e-13,outside,0.25,0.5,0.10120830032974482
3.6,0.48826710280919183,-5.982232403427066,-5.493965300617874,13.781681175,-0.75,high,14.531681175,1.5049080064981048e-13,outside,0.25,0.5,0.10965663194656372
3.6,0.3103691637798853,-5.484412078148026,-5.17404291436814,14.031681175,-0.5,high,14.531681175,7.286201892426088e-11,outside,0.25,0.5,0.10453593637794256
3.6,0.22629046283911602,-5.248988513795021,-5.022698050955905,14.156681175,-0.375,high,14.531681175,1.0579739351290116e-11,outside,0.25,0.5,0.1045906962826848
3.6,0.14616125649636658,-5.023153815943718,-4.876992559447351,14.281681175,-0.25,high,14.531681175,6.661693771533264e-11,outside,0.25,0.5,0.10866738110780716
3.6,0.07054457241685874,-4.807371595223679,-4.73682702280682,14.406681175,-0.125,high,14.531681175,8.48866707271775e-11,outside,0.25,0.5,0.10848481860011816
3.6,0.03460424603731038,-4.703390756743149,-4.668786510705838,14.469181175,-0.0625,high,14.531681175,8.564064990352351e-14,outside,0.25,0.5,0.13193930592387915
3.6,7.588175581219048e-07,-4.602086966494697,-4.6020862076771385,14.531681175,0.0,high,14.531681175,1.7967857970761102e-11,outside,0.25,0.5,0.13206791691482067
3.6,0.03320774870288279,-4.536711986379283,-4.5035042376764,14.594181175,0.0625,high,14.531681175,4.9064317522767537e-11,outside,0.25,0.5,0.10329691041260958
3.6,0.06495966486087212,-4.472644431535315,-4.407684766674443,14.656681175,0.125,high,14.531681175,1.0237128664640971e-13,outside,0.25,0.5,0.12235351465642452
3.6,0.12390725079713683,-4.348359711228261,-4.224452460431124,14.781681175,0.25,high,14.531681175,9.899140207633054e-14,outside,0.25,0.5,0.12379872053861618
3.6,0.17655492765217407,-4.229083190045608,-4.052528262393434,14.906681175,0.375,high,14.531681175,1.3367343985543114e-13,outside,0.25,0.5,0.12657968886196613
3.6,0.22278649533843264,-4.114657223871216,-3.8918707285327834,15.031681175,0.5,high,14.531681175,1.2027551724751152e-12,outside,0.25,0.5,0.12553074676543474
3.6,0.29647487369699776,-3.8996973620849644,-3.6032224883879667,15.281681175,0.75,high,14.531681175,1.1556810042093171e-10,outside,0.25,0.5,0.12567759584635496
3.6,0.3150231003314654,-3.7021273328123274,-3.387104232480862,15.531681175,1.0,high,14.531681175,1.328225586912766e-10,outside,0.25,0.5,0.1251597460359335
