C_MB,C_MB_integer,Delta0,Delta_center,Delta_min,Q_adiabatic,U,chern_grid,efficiency_adiabatic,label,maximum_abs_flux,maximum_residual,minimum_overlap,path_id,wall_time_s
2.0,2,3.0,1.5,1.1180880743386865,1.9999999999999998,-32.0,10,0.9999999999999999,"shifted, enclosing origin",1.2213808611680994,1.448825270722189e-08,0.001737010544887835,shift-1p5,14.131848198361695
2.0000000000000004,2,3.0,1.5,1.2633644394602328,1.9999999999999996,-16.0,10,0.9999999999999998,"shifted, enclosing origin",1.1406406672828324,6.441268391027797e-09,0.017444525372924038,shift-1p5,10.446761052124202
2.0,2,3.0,1.5,1.6178363520090073,1.9999999999999998,-8.0,10,0.9999999999999999,"shifted, enclosing origin",0.9730699981559452,3.678983457681829e-09,0.09048237623940787,shift-1p5,9.039825649932027
2.0,2,3.0,1.5,2.150261170154348,2.0000000000000004,-4.0,10,1.0000000000000002,"shifted, enclosing origin",0.7831779724831948,7.795061093263268e-10,0.222875345235914,shift-1p5,10.037140515632927
1.9999999999999998,2,3.0,1.5,2.9260624033970046,2.0,0.0,10,1.0,"shifted, enclosing origin",0.4974808821164166,1.238479896738575e-12,0.49678516218543023,shift-1p5,7.097276866436005
2.0,2,3.0,1.5,1.7897152342975957,2.0,2.0,10,1.0,"shifted, enclosing origin",0.3380934618473003,1.9232054324092662e-09,0.5191617723449414,shift-1p5,9.613940789364278
1.0000000000000002,1,3.0,1.5,1.145876804480305,0.9999999999999999,4.0,10,0.49999999999999994,"shifted, enclosing origin",1.3797846905197733,1.4125708617586219e-09,0.006930718248012331,shift-1p5,8.503666740842164
0.9999999999999999,1,3.0,1.5,0.9684413967281813,1.0,5.0,10,0.5,"shifted, enclosing origin",0.3687535387135707,1.0540157836245132e-09,0.16573670941430396,shift-1p5,6.932735179550946
1.0000000000000002,1,3.0,1.5,0.897902292056215,0.9999999999999999,5.5,10,0.49999999999999994,"shifted, enclosing origin",0.23228883452925658,1.0028390997833847e-09,0.20872754035206847,shift-1p5,6.955044640228152
0.9999999999999999,1,3.0,1.5,0.8357157805537105,1.0,6.0,10,0.5,"shifted, enclosing origin",0.21433961898419063,8.052255767138939e-10,0.23668542582944216,shift-1p5,6.884943179786205
1.0,1,3.0,1.5,0.7804214910266332,0.9999999999999998,6.5,10,0.4999999999999999,"shifted, enclosing origin",0.21576050732506544,1.0568847618709927e-09,0.25495288282106954,shift-1p5,9.026497164741158
1.0000000000000002,1,3.0,1.5,0.7310368382624368,1.0000000000000004,7.0,10,0.5000000000000002,"shifted, enclosing origin",0.22397165676543393,9.250891778042535e-10,0.26709031185963344,shift-1p5,9.276046724058688
1.0000000000000002,1,3.0,1.5,0.7083186266613288,1.0000000000000002,7.25,10,0.5000000000000001,"shifted, enclosing origin",0.2254109776580648,8.45134423025399e-10,0.2716000024980759,shift-1p5,9.269298153929412
1.0,1,3.0,1.5,0.686804427276666,1.0000000000000002,7.5,10,0.5000000000000001,"shifted, enclosing origin",0.22471451046854607,6.676791287085876e-10,0.275343617196742,shift-1p5,9.3688800400123
1.0000000000000002,1,3.0,1.5,0.6470865444509433,1.0,8.0,10,0.5,"shifted, enclosing origin",0.2329100988552565,7.385029173326121e-10,0.28110369392138246,shift-1p5,7.644128426909447
1.0000000000000002,1,3.0,1.5,0.5232091704107518,1.0,10.0,10,0.5,"shifted, enclosing origin",1.4550088421339846,1.3931099255837464e-10,0.025333850778117804,shift-1p5,7.500431322492659
-3.467569457863896e-18,0,3.0,1.5,0.32917039779297363,-5.952947553303223e-18,16.0,10,-2.9764737766516114e-18,"shifted, enclosing origin",0.025915625406383317,1.1713726942348857e-10,0.2882619107454307,shift-1p5,8.625284165143967
-2.525385998529055e-18,0,3.0,1.5,0.16475426148256078,-3.0806588291638903e-18,32.0,10,-1.5403294145819452e-18,"shifted, enclosing origin",0.0020560830746886903,6.943048415084831e-11,0.3016350148977889,shift-1p5,11.859423818066716
2.0000000000000004,2,3.0,2.85,0.1633098976102474,2.0,-32.0,10,1.0,"near-tangent, enclosing origin",1.7458053941166671,1.1383293670425232e-08,0.12138653422528253,near-tangent,10.67424736265093
2.0000000000000004,2,3.0,2.85,0.31835810857872104,2.0,-16.0,10,1.0,"near-tangent, enclosing origin",2.3431251415641845,5.992857012039542e-09,0.10083797536210902,near-tangent,7.907762392424047
2.0000000000000004,2,3.0,2.85,0.5880263599292448,1.9999999999999998,-8.0,10,0.9999999999999999,"near-tangent, enclosing origin",2.712493448736562,4.621610811639007e-09,0.09021760200465273,near-tangent,6.92867536842823
1.9999999999999998,2,3.0,2.85,0.8972423842721327,2.0000000000000004,-4.0,10,1.0000000000000002,"near-tangent, enclosing origin",2.8021794987410926,3.67253715940249e-09,0.04237442749605974,near-tangent,7.300611739046872
1.9999999999999998,2,3.0,2.85,1.1124792405302344,2.0,0.0,10,1.0,"near-tangent, enclosing origin",3.0997554898768804,4.1507370570080035e-10,2.7974302599402936e-05,near-tangent,4.710453049279749
1.0000000000000002,1,3.0,2.85,1.0051325679986034,1.0,2.0,10,0.5,"near-tangent, enclosing origin",0.24596316106022556,2.806318932462076e-09,0.17184681261203835,near-tangent,7.979511142708361
1.0,1,3.0,2.85,0.8971092876597293,1.0,4.0,10,0.5,"near-tangent, enclosing origin",0.24722324723359537,1.8157014246771192e-09,0.2583663461520313,near-tangent,7.534940030425787
1.0000000000000002,1,3.0,2.85,0.8124338300196818,1.0,5.0,10,0.5,"near-tangent, enclosing origin",0.22087180292235217,1.9752166311865594e-09,0.2760604325858712,near-tangent,9.91507122758776
1.0000000000000002,1,3.0,2.85,0.7701128769041747,1.0,5.5,10,0.5,"near-tangent, enclosing origin",0.21672325941889653,1.880898923515189e-09,0.281507330644439,near-tangent,9.712457337416708
1.0000000000000002,1,3.0,2.85,0.7295211672959776,1.0,6.0,10,0.5,"near-tangent, enclosing origin",0.22722516358357178,1.3148180500825737e-09,0.2855031603650418,near-tangent,9.733393390662968
1.0000000000000002,1,3.0,2.85,0.6912568739351008,1.0,6.5,10,0.5,"near-tangent, enclosing origin",0.233442328445317,1.3916610956732065e-09,0.2884674165091507,near-tangent,9.62539008911699
1.0000000000000002,1,3.0,2.85,0.655570881728694,1.0000000000000002,7.0,10,0.5000000000000001,"near-tangent, enclosing origin",0.23468899228930548,1.4458757161754612e-10,0.29069998584946616,near-tangent,9.139608908444643
1.0000000000000002,1,3.0,2.85,0.6387118485179437,1.0000000000000002,7.25,10,0.5000000000000001,"near-tangent, enclosing origin",0.23333899176166825,1.4572579497413592e-09,0.2916104672969084,near-tangent,7.529407788999379
1.0,1,3.0,2.85,0.6224999377901868,1.0,7.5,10,0.5,"near-tangent, enclosing origin",0.2306717188859886,1.3578743263203646e-09,0.2924115178612755,near-tangent,7.600816871970892
1.0,1,3.0,2.85,0.5919580072972122,1.0000000000000002,8.0,10,0.5000000000000001,"near-tangent, enclosing origin",0.2215624542133656,1.1065376218183414e-09,0.29374874058654793,near-tangent,7.544504653662443
1.0,1,3.0,2.85,0.4917679384518805,1.0,10.0,10,0.5,"near-tangent, enclosing origin",0.21852172683051624,4.1179817607577005e-10,0.29698851193566533,near-tangent,7.885389337316155
-7.126730149438863e-17,0,3.0,2.85,0.3204935520590231,-6.514699803922275e-17,16.0,10,-3.2573499019611374e-17,"near-tangent, enclosing origin",0.06873850217027697,2.4856565571184117e-10,0.2615221895789031,near-tangent,9.024756532162428
1.012224398984964e-16,0,3.0,2.85,0.16360061529625736,1.0111540511142936e-16,32.0,10,5.055770255571468e-17,"near-tangent, enclosing origin",0.003019047178580049,1.1342574172498473e-10,0.3011849296767054,near-tangent,13.62935503385961
1.905019731084919e-17,0,3.0,3.6,3.046856656046998,1.951563910473908e-17,-32.0,5,9.75781955236954e-18,translated outside origin,0.003964140841166417,1.1004275821794327e-08,0.9907416283313207,outside,2.348580681718886
3.7479192535475036e-17,0,3.0,3.6,3.0927966320624307,3.642919299551295e-17,-16.0,5,1.8214596497756474e-17,translated outside origin,0.012796759641494489,6.225167356391573e-09,0.9680563683466565,outside,1.783235657028854
3.837648443779764e-17,0,3.0,3.6,3.1373182648382567,3.8163916471489756e-17,-8.0,5,1.9081958235744878e-17,translated outside origin,0.033947896221669105,4.622957282823762e-09,0.9060320880770042,outside,1.7981750601902604
5.521796321985272e-19,0,3.0,3.6,3.0666932371614344,0.0,-4.0,5,0.0,translated outside origin,0.07207600291654265,3.3558959081379517e-09,0.7895027454111182,outside,1.8633456593379378
-3.3130777931911635e-17,0,3.0,3.6,1.862415841668744,-3.469446951953614e-17,0.0,5,-1.734723475976807e-17,translated outside origin,0.25082632346881145,5.527866377008062e-10,0.44279577089788613,outside,1.216389593668282
1.497787252338505e-17,0,3.0,3.6,1.2276571390658537,1.5612511283791264e-17,2.0,10,7.806255641895632e-18,translated outside origin,1.0565818893013796,2.2452987300868896e-09,0.12039983376127249,outside,7.82528976816684
1.0000000000000002,1,3.0,3.6,0.9607276743916424,0.9999999999999999,4.0,10,0.49999999999999994,translated outside origin,0.2531688213115616,2.6304867358994887e-09,0.20015741089017067,outside,7.681329838000238
1.0000000000000002,1,3.0,3.6,0.8546965540323512,0.9999999999999998,5.0,10,0.4999999999999999,translated outside origin,0.23234208612443163,1.988875137250256e-09,0.2512178287754673,outside,7.892396776936948
1.0000000000000002,1,3.0,3.6,0.8054130388065794,1.0000000000000002,5.5,10,0.5000000000000001,translated outside origin,0.22920619278195636,1.873782896919618e-09,0.2647993642370177,outside,7.945322782732546
1.0000000000000002,1,3.0,3.6,0.7592665547566817,1.0,6.0,10,0.5,translated outside origin,0.22132267632152564,1.7302619670959635e-09,0.27399091420403093,outside,7.81290269177407
1.0,1,3.0,3.6,0.7164872112711733,1.0,6.5,10,0.5,translated outside origin,0.20945966603984273,1.287562536400081e-09,0.2803337425874796,outside,7.798610928468406
1.0000000000000002,1,3.0,3.6,0.6770924355043824,1.0,7.0,10,0.5,translated outside origin,0.20868683407645378,1.549391212803044e-09,0.2848103131031924,outside,8.05737233813852
1.0,1,3.0,3.6,0.6586281928149158,0.9999999999999998,7.25,10,0.4999999999999999,translated outside origin,0.21469572493062125,1.2901832594397949e-09,0.2865542708644134,outside,7.97414359729737
0.9999999999999999,1,3.0,3.6,0.6409545208536338,1.0,7.5,10,0.5,translated outside origin,0.21979584290646126,1.819531521952762e-09,0.2880464925744199,outside,7.693620273843408
1.0000000000000002,1,3.0,3.6,0.607863291967603,1.0,8.0,10,0.5,translated outside origin,0.22679883912569807,4.95868413357715e-10,0.2904436733804233,outside,7.622024524025619
1.0,1,3.0,3.6,0.5009792515958309,0.9999999999999999,10.0,10,0.49999999999999994,translated outside origin,0.20488147649223132,1.1549718458154026e-09,0.29569542920165537,outside,7.919803746975958
-1.2127568714913395e-16,0,3.0,3.6,0.32309013730970615,-1.3572855946802909e-16,16.0,10,-6.786427973401454e-17,translated outside origin,0.1691207395065226,2.2017285358055313e-10,0.21043064702970166,outside,8.778206996619701
-4.121422400268509e-17,0,3.0,3.6,0.16395032895179007,-4.224153307957196e-17,32.0,10,-2.112076653978598e-17,translated outside origin,0.003701556086285073,7.833974992528717e-11,0.3008267019892718,outside,10.522407478652894
